,Name,id,likes,date,posts,retweets
0,HoustonRockets,19077044,956,2019-03-06 03:29:38,"RT for the MVP! 

35 points ✔️
Rockets Win ✔️ https://t.co/pYzGtk748L",597
1,HoustonRockets,19077044,1012,2019-03-06 03:29:11,Runnin' through the 6ix with the WIN! https://t.co/TUobt1uXYD,504
2,HoustonRockets,19077044,446,2019-03-06 03:25:35,30PTS for The MVP! 💪 https://t.co/BTY4C3Ri2h,113
3,HoustonRockets,19077044,386,2019-03-06 03:15:25,STEP🔙 https://t.co/PrPFQQk5NH,108
4,HoustonRockets,19077044,196,2019-03-06 03:11:30,"☔️ #SplashGordon ☔️

🚀 91 | 🦖 80 https://t.co/485F0UdGOU",30
5,HoustonRockets,19077044,179,2019-03-06 03:06:44,"#️⃣3️⃣

💰 https://t.co/rKdrCdeQhz",34
6,HoustonRockets,19077044,163,2019-03-06 03:06:08,#️⃣2️⃣ https://t.co/Gbce2qx5cl,25
7,HoustonRockets,19077044,62,2019-03-06 03:05:43,#️⃣1️⃣ https://t.co/9WFQJCrPme,20
8,HoustonRockets,19077044,440,2019-03-06 03:04:55,Back-to-back-to-back 3️⃣-Pointers for G3RALD GR33N! 💰 https://t.co/qrtAo6UU54,106
9,HoustonRockets,19077044,120,2019-03-06 02:58:44,"1️⃣2️⃣✅4️⃣

#Rockets 69 | Raptors 71

@JHarden13 16PTS
@AustinRivers25 13PTS
@TheofficialEG10 10PTS
@CapelaClint 9P… https://t.co/hd17d2tdPr",29
10,HoustonRockets,19077044,130,2019-03-06 02:51:32,.@JHarden13 ➡️ @NeneHilario42 🏀 https://t.co/532Fk2HNZ9,20
11,HoustonRockets,19077044,60,2019-03-06 02:47:42,"TO in Toronto ⤵️

🚀 62 | 🦖 62
⏰ 3:40 Q3 https://t.co/f87pWywM1s",15
12,HoustonRockets,19077044,152,2019-03-06 02:42:35,".@JHarden13 for ✌️ to start the second-half.

📺 @ATTSportsNetSW &amp; @NBAonTNT https://t.co/2XAcx814VX",20
13,HoustonRockets,19077044,419,2019-03-06 02:12:03,Halftime in Toronto! 🚀 https://t.co/Shh0QmoWvI,99
14,HoustonRockets,19077044,294,2019-03-06 02:10:01,.@JHarden13 ↗️ 🏀 ↗️ @CapelaClint https://t.co/THAvARiIaB,47
15,HoustonRockets,19077044,167,2019-03-06 02:04:39,"💪 @CapelaClint 💪

🚀49 | 🦖 32 https://t.co/R4i23oT0a8",34
16,HoustonRockets,19077044,159,2019-03-06 01:57:55,".@CP3 ➡️ @TheofficialEG10 👌

#SplashGordon leads the 🚀 with 10PTS https://t.co/q70zNLB9VA",32
17,HoustonRockets,19077044,217,2019-03-06 01:53:24,.@AustinRivers25 getting it done on both ends of the court 💪 https://t.co/MFBAiADbhG,47
18,HoustonRockets,19077044,228,2019-03-06 01:50:33,"👋 @Gary11_Clark STEAL
➡️ @CP3 ASSIST
3️⃣ GR33N THREE! https://t.co/cxQ0MfucWB",40
19,HoustonRockets,19077044,262,2019-03-06 01:42:26,"✅2️⃣3️⃣4️⃣

#Rockets 23 | Raptors 19 https://t.co/LPyrrDKPDs",49
20,HoustonRockets,19077044,140,2019-03-06 01:41:19,.@Gary11_Clark 💪💪💪 https://t.co/c2Rv9zVhB7,29
21,HoustonRockets,19077044,280,2019-03-06 01:33:02,"AUSTIN RIV3RS FOR THR33!

🚀 18 | 🦖 13 https://t.co/kEgCr6craQ",49
22,HoustonRockets,19077044,302,2019-03-06 01:28:31,"✔️ Harden Steal
✔️ Tucker Bucket https://t.co/sHaS4U8hDv",60
23,HoustonRockets,19077044,276,2019-03-06 01:22:00,".@JHarden13 gets the 🚀 on the board!

📺 @ATTSportsNetSW https://t.co/5z1ECoBNxh",53
24,HoustonRockets,19077044,450,2019-03-06 01:03:46,"Rockets vs Raptors Starters ⤵️

F Gordon
F Tucker 
C Capela 
G Harden 
G Paul 

#RunAsOne 🚀 https://t.co/Qh0iQRFSqd",70
25,HoustonRockets,19077044,566,2019-03-06 00:24:37,#SplashGordon ☔️ https://t.co/Cc2smrnbxj,63
26,HoustonRockets,19077044,791,2019-03-06 00:21:03,RT for the MVP 🚀 https://t.co/ESrmoq2uFH,468
27,HoustonRockets,19077044,516,2019-03-05 23:42:41,"Iced out, no stylist 🚀

#TissotStyleWatch | @TISSOT https://t.co/fgxeEb9Lub",88
28,HoustonRockets,19077044,221,2019-03-05 22:00:01,"Ready to #RunAsOne 🚀

🏀 Tip-off 7:00PM
📺 @NBAonTNT / @ATTSportsNetSW
📻 @SportsTalk790 / 850AM (Spanish)
📲 Live scor… https://t.co/daWqvsnLPt",64
29,HoustonRockets,19077044,85,2019-03-05 21:00:00,Tune-in to @ATTSportsNetSW TONIGHT at 6:30PM CT to watch the #Rockets Pre-Game Show! 🚀 https://t.co/kIlz7ZC4Vr,17
30,HoustonRockets,19077044,1091,2019-03-05 20:40:00,"🚀 Big game tonight 
🏀 #Rockets l Raptors
📍 The 6ix
🔉 Sound On
🎧 @trvisXX https://t.co/Y52QNCCQ2g",295
31,HoustonRockets,19077044,65,2019-03-05 20:00:00,Join us for a Spring Break Special Mix &amp; Match Monday starting at just $29 as the #Rockets take on the Hornets Marc… https://t.co/wBmzQlhmCg,8
32,HoustonRockets,19077044,291,2019-03-05 19:00:00,Game Night Stats 📊 https://t.co/F2Vl8z5Lje,45
33,HoustonRockets,19077044,62,2019-03-05 18:00:01,"It’s a Tuesday/Thursday Throw Down with @pizzahut and the #Rockets! 🍕

Go to https://t.co/3RDOQlJ4tu and use promo… https://t.co/SMyxzLPssM",8
34,HoustonRockets,19077044,1021,2019-03-05 02:14:28,The #NBA announced today that the Toronto Raptors and the Houston Rockets will play two preseason games in Japan in… https://t.co/6Zieob0GZK,322
35,HoustonRockets,19077044,80,2019-03-04 23:00:00,Tune-in to @ATTSportsNetSW tomorrow at 6:30PM CT to watch the #Rockets Pre-Game Show! 🚀 https://t.co/BnVEAtz1MF,14
36,HoustonRockets,19077044,1820,2019-03-04 21:12:13,"🚀 Step Back to '95 🚀

🏀 @adidasHoops
🔥 #HardenVol3
👟 https://t.co/t2EnE95mzu https://t.co/DCJFcKsY6p",379
37,HoustonRockets,19077044,56,2019-03-04 21:00:00,Want a chance to be living the suite life for our March match-up against the Kings? Enter the Toyota Suitestakes he… https://t.co/67KhhnT0GO,5
38,HoustonRockets,19077044,1017,2019-03-04 20:00:01,WARNING: THIS VIDEO CONTAINS AN EXTREME AMOUNT OF HYPE. @CP3 @JHarden13 @StateFarm https://t.co/Eqf2vIcGDv,241
39,HoustonRockets,19077044,1093,2019-03-04 19:08:32,ROSTER UPDATE: Rockets General Manager Daryl Morey announced today that the team has signed forward Terrence Jones… https://t.co/qPpwV4IkAT,157
40,HoustonRockets,19077044,192,2019-03-04 19:00:00,Check out the #MakeItHappen #PlaysOfTheWeek presented by @ConnsInc! 🔥 https://t.co/rzUi0URfcs,32
41,HoustonRockets,19077044,524,2019-03-04 18:30:12,Practice in Toronto #RunAsOne 🚀 https://t.co/c8bHW1Y1Xm,57
42,HoustonRockets,19077044,77,2019-03-04 18:00:00,"🚨 FAN APPRECIATION T-SHIRT CONTEST 🚨

🚀 Winning t-shirt will be sold as the Item of the Game on Fan Night (April 7t… https://t.co/glPFAGi6u8",14
43,HoustonRockets,19077044,490,2019-03-04 16:00:00,These #SPLASHGORDON highlights are 🔥 https://t.co/RuSCfQTF1E,95
44,HoustonRockets,19077044,402,2019-03-04 15:30:00,"PJ Tucker talks about leadership and how the squad got the big win in Boston. 

#RunAsOne 🚀 https://t.co/cQANi8FWqm",39
45,HoustonRockets,19077044,523,2019-03-04 15:00:00,"12 assists for @CP3! 

🏀⤵️ https://t.co/2TOHg9Gl7B",82
46,HoustonRockets,19077044,0,2019-03-04 14:41:31,"RT @HoustonRockets: RT for the MVP. 

🏀: 42 points https://t.co/IarM67P8mN",3392
47,HoustonRockets,19077044,558,2019-03-04 14:30:00,"""We are catching a rhythm on both ends of the court."" 

🎥⤵️ https://t.co/n46RqxpqeI",77
48,HoustonRockets,19077044,2381,2019-03-04 14:00:01,42 POINTS l UNGUARDABLE. 😤 https://t.co/ci3HumPquC,500
49,HoustonRockets,19077044,0,2019-03-04 04:45:16,"RT @MarkJonesESPN: First let me say Harden,CP3 were great this afternoon..
Seeing PJ Tucker make winnning play after winning big play on ef…",324
50,HoustonRockets,19077044,895,2019-03-03 23:41:57,"#TheUnguardableTour continues.... 

🏀 42PTS
📸 https://t.co/tYWJxqwXXI

#PhotoOfTheGame | @rokitofficial https://t.co/tmI1NzcoK2",191
51,HoustonRockets,19077044,1762,2019-03-03 23:15:40,"🏀 Good game, @celtics. https://t.co/DgFGXrUw2S",205
52,HoustonRockets,19077044,6489,2019-03-03 22:56:44,"RT for the MVP. 

🏀: 42 points https://t.co/IarM67P8mN",3392
53,HoustonRockets,19077044,2247,2019-03-03 22:56:32,Big WIN in Boston! #RunAsOne 🚀 https://t.co/khwvnIm4dg,802
54,HoustonRockets,19077044,5816,2019-03-03 22:49:16,Unreal shot by @JHarden13! 🤯 https://t.co/FedDtkuksx,1762
55,HoustonRockets,19077044,312,2019-03-03 22:47:50,"BIG @JHarden13 BASKET!

#Rockets up by 12 with 3:20 remaining. https://t.co/vWuQZReesY",58
56,HoustonRockets,19077044,493,2019-03-03 22:40:33,"Tucker hustle 💪
CP3 trey 🏀

Rockets up 106-96.
⏰ 5:35 https://t.co/46XCSMmEiX",88
57,HoustonRockets,19077044,480,2019-03-03 22:35:35,TUCKER 3! https://t.co/gHtQZ73uX0,78
58,HoustonRockets,19077044,955,2019-03-03 22:24:36,STEP 🔙 https://t.co/yn6MDZT1bx,191
59,HoustonRockets,19077044,1566,2019-03-03 22:23:17,"One more quarter to go...

🚀 100  l  ☘️ 78 https://t.co/jlO6YyBUNI",188
60,HoustonRockets,19077044,153,2019-03-03 22:13:19,"Timeout Houston ⤵️

#Rockets up 84-67.
⏰ 4:08 https://t.co/NMdK6Amye8",25
61,HoustonRockets,19077044,259,2019-03-03 22:07:29,RT this @CapelaClint ➡️ @TheofficialEG10 connection! 🔥 https://t.co/KXKjiN6ooe,58
62,HoustonRockets,19077044,483,2019-03-03 21:55:21,Another 3 for @TheofficialEG10! He's on 🔥 with 26 points! https://t.co/tpsjmRQ0ki,102
63,HoustonRockets,19077044,0,2019-03-03 21:40:08,"RT @NBA: Floor general. 🗣️

CP3 is mic'd up for the @HoustonRockets on #NBAonABC! #Rockets https://t.co/cBu7E8QlZI",157
64,HoustonRockets,19077044,474,2019-03-03 21:38:31,Squad up at the half! #RunAsOne 🚀 https://t.co/yQSFRUNn6t,113
65,HoustonRockets,19077044,1832,2019-03-03 21:34:42,👏 MOST 👏 VALUABLE 👏 PLAYER 👏 https://t.co/rFXMrmidMk,364
66,HoustonRockets,19077044,395,2019-03-03 21:27:16,"#Rockets up 56-36.
⏰ 3:32 https://t.co/RZ0AjKGCTT",82
67,HoustonRockets,19077044,875,2019-03-03 21:20:40,Point God 🚀 vs Uncle Drew ☘️ https://t.co/J8OxY8Wzpl,160
68,HoustonRockets,19077044,305,2019-03-03 21:16:21,.@TheofficialEG10 now with 14 points! ☔️ https://t.co/NLn6mjTkRo,51
69,HoustonRockets,19077044,607,2019-03-03 21:07:35,"🔴⚪️⚪️⚪️

End of 1st ➡️ Rockets up 33-23.

📊 Harden 13 PTS https://t.co/t1qnQ7ult1",73
70,HoustonRockets,19077044,773,2019-03-03 20:58:20,SHAKE 'N BAKE 🚀 https://t.co/ql2UE6qCh9,141
71,HoustonRockets,19077044,132,2019-03-03 20:53:36,"EG basket!

#Rockets up 22-14. https://t.co/EkQpp0OQfD",21
72,HoustonRockets,19077044,548,2019-03-03 20:49:31,This ball movement...🔥 ⤵️ https://t.co/WiwH5aRL1J,108
73,HoustonRockets,19077044,669,2019-03-03 20:45:15,First 🏀: @JHarden13 https://t.co/pinT80dTh9,67
74,HoustonRockets,19077044,258,2019-03-03 20:37:56,"It's game time! 🚀

F @TheofficialEG10 
F PJ Tucker
C @CapelaClint 
G @CP3 
G @JHarden13 https://t.co/ldaXhBAAnL",52
75,HoustonRockets,19077044,478,2019-03-03 20:00:32,Red Nation reppin’ in Boston! https://t.co/H18k7JXUdp,62
76,HoustonRockets,19077044,2712,2019-03-03 19:59:11,The MVP 🚀 https://t.co/0egC71FcoK,530
77,HoustonRockets,19077044,697,2019-03-03 19:35:04,"RT for The Point God 🙌

@CP3 | #RunAsOne https://t.co/Ev8zVPUtEe",274
78,HoustonRockets,19077044,282,2019-03-03 17:30:00,"🚀 🆚 🍀

🏀 Tip-off 2:30PM
📺 ABC
📻 @ktrhnews / 850AM (Spanish)
📲 Live scores/stats in the Rockets app
📸… https://t.co/enUvxFPhCC",78
79,HoustonRockets,19077044,271,2019-03-03 14:00:00,"Join us today for the #Rockets vs. Celtics Viewing Party at The Rustic!

⏰ 2:00PM
 📣 Appearances by @clutchthebear… https://t.co/UP7F6z6kxB",39
80,HoustonRockets,19077044,1588,2019-03-02 21:50:08,Boston 🥶 https://t.co/mi9TYozhNo,163
81,HoustonRockets,19077044,58,2019-03-02 21:00:00,"Our partner @WeWork hosted a panel to discuss the art of the side hustle at WeWork's The Jones Building.

The commu… https://t.co/bcYfCkhQy5",5
82,HoustonRockets,19077044,155,2019-03-02 20:00:00,"Join us for the #Rockets vs. Celtics Viewing Party at The Rustic!

🗓 Sunday March 3rd
⏰ 2:00PM
 📣 Appearances by… https://t.co/C0ysTDkyKk",22
83,HoustonRockets,19077044,169,2019-03-02 18:00:00,Check out 8-time Dunk Champion Isaac White and all the high-flying action in the Slam Dunk contest presented by… https://t.co/9dJJZQdon4,32
84,HoustonRockets,19077044,107,2019-03-02 16:00:00,"Last week, we stopped by South Houston Intermediate School with @HoustonFCU and NBA Champion Carl Herrera to educat… https://t.co/NwGDdyEWX1",10
85,HoustonRockets,19077044,65,2019-03-02 13:00:00,"🚨 RESCHEDULED 🚨

Join us on our new date, April 13th, for the 7th Annual #Rockets Dog Walk presented by @TitosVodka… https://t.co/Jz6A3af3CS",16
86,HoustonRockets,19077044,77,2019-03-01 23:00:00,"To Celebrate Women’s History Month we’re offering 30% off ALL Women’s Apparel this month!

🛍 30% Off Women’s Appare… https://t.co/T6yDD0yTwI",13
87,HoustonRockets,19077044,99,2019-03-01 21:45:00,"🚨 RESCHEDULED 🚨

Join us on our new date, April 13th, for the 7th Annual #Rockets Dog Walk presented by @TitosVodka… https://t.co/VvaCTzgloV",18
88,HoustonRockets,19077044,149,2019-03-01 18:02:42,Carlotta Walls LaNier &amp; Lucille Bridges were honored on-court last night during the game! 🚀👏 https://t.co/8SKoj93ERA,15
89,HoustonRockets,19077044,136,2019-03-01 18:00:00,"Join us for the #Rockets vs. Celtics Viewing Party at The Rustic!

🗓 Sunday March 3rd
⏰ 2:00PM
 📣 Appearances by… https://t.co/elHEGDazHz",15
90,HoustonRockets,19077044,1287,2019-03-01 17:11:48,"🗣💯

#TheUnguardableTour https://t.co/6ISav450vD",331
91,HoustonRockets,19077044,0,2019-03-01 15:13:18,"RT @HoustonRockets: RT FOR THE MVP!

🏀: 58 POINTS https://t.co/rAqcUAgNsF",3106
92,HoustonRockets,19077044,373,2019-03-01 15:00:00,".@AustinRivers25 with 17PTS (7-8 shooting) off the bench last night. 

#RunAsOne 🚀 https://t.co/73e2FyAb0o",39
93,HoustonRockets,19077044,598,2019-03-01 14:30:00,"""It was a total team-effort."" 

#RunAsOne ⤵️🎥 https://t.co/iw1tjYlnqi",72
94,HoustonRockets,19077044,2678,2019-03-01 14:00:02,"The Beard was doing WORK last night! #MVP
🏀 58 PTS
➡️ 10 AST
💪 7 REB
🔒 4 STL https://t.co/matdAPx1vy",639
95,HoustonRockets,19077044,83,2019-03-01 13:30:00,"🗣 Free @ChickfilA at participating locations today if you were at yesterday's game! 

 ⬇️ Info ⬇️ https://t.co/vW1dojoiF4",11
96,HoustonRockets,19077044,1129,2019-03-01 13:00:00,#PhotoOfTheGame | @rokitofficial https://t.co/70qI0uF4f1,138
97,HoustonRockets,19077044,0,2019-03-01 05:43:55,RT @CP3: It’s a FAMILY thing!!! #Brotherhood #OneLastDance https://t.co/9QtMf35mHN,4360
98,HoustonRockets,19077044,2017,2019-03-01 03:51:27,".@CP3 X @DwyaneWade X @JHarden13

#OneLastDance https://t.co/T7RGwPMaBG",471
99,HoustonRockets,19077044,3144,2019-03-01 03:37:51,"Respect. 

#OneLastDance https://t.co/iNS139de2X",692
