,Name,id,likes,date,posts,retweets
0,Lakers,20346956,0,2019-03-06 01:09:59,RT @LakersReporter: The precautionary MRI on Kyle Kuzma’s injury confirmed a minor ankle sprain. Kuzma could miss up to one week.,76
1,Lakers,20346956,0,2019-03-05 23:40:51,"RT @LakersReporter: Lakers injury update with details on Ingram, Kuzma and more: https://t.co/LTAKRfPFxf",111
2,Lakers,20346956,471,2019-03-05 20:48:49,🎥 Luke Walton updates the status of Kuzma and Ingram following Tuesday's practice. https://t.co/enE0Jjo7Ct,69
3,Lakers,20346956,0,2019-03-05 19:58:11,"RT @LakersReporter: Luke Walton said the Lakers had a film session, then only 8 active bodies for on court work. Kyle Kuzma (ankle) got tre…",128
4,Lakers,20346956,486,2019-03-05 07:23:32,🎥 Josh Hart talks about fighting through his injuries and the need to win every possession. https://t.co/BTidi0YIxF,79
5,Lakers,20346956,625,2019-03-05 07:15:36,🎥 Rajon Rondo talks about becoming the second player in NBA history to notch a triple-double with five different te… https://t.co/UWFIg7lpNl,114
6,Lakers,20346956,1241,2019-03-05 07:13:44,🎥 LeBron James talks about taking things one game at a time and fighting through adversity. https://t.co/42Y40pCpCA,224
7,Lakers,20346956,0,2019-03-05 06:49:37,"RT @LakersReporter: X-Rays were negative on Kyle Kuzma’s sprained right ankle. As Luke Walton said, though, it’d be a surprise to see him b…",141
8,Lakers,20346956,444,2019-03-05 06:46:31,"🎥 Although the team’s mindset was in the right place, Luke feels missed opportunities and injuries took their toll. https://t.co/hW06tBA7Kg",80
9,Lakers,20346956,2024,2019-03-05 05:58:40,Final tally from STAPLES. https://t.co/2iOZ4xCwMv,404
10,Lakers,20346956,2293,2019-03-05 05:52:10,"First triple-double of the season for @RajonRondo. 

He becomes the second player in NBA history with a triple-doub… https://t.co/tai6CZpO8S",327
11,Lakers,20346956,1635,2019-03-05 05:37:25,S A U C E https://t.co/BaxzrxIquE,196
12,Lakers,20346956,985,2019-03-05 05:35:52,Rondo giving English lessons with the reverse layup! 📚📚📚,105
13,Lakers,20346956,494,2019-03-05 05:33:37,".@ReggieBullock35 closes out the third quarter!

#LakeShow (📺: @SpectrumSN &amp; NBA TV) https://t.co/LyVSsehzoz",69
14,Lakers,20346956,431,2019-03-05 05:26:33,"Taking this one into the final frame. 

Rondo: 20 pts, 9 ast, 8 reb
James: 20 pts https://t.co/gMx9F71KRs",73
15,Lakers,20346956,568,2019-03-05 05:24:18,🚨 Bullock backpedals into the buzzer-beater! 🚨,71
16,Lakers,20346956,648,2019-03-05 05:22:00,"Josh Hart through contact! 💪

#LakeShow (📺: @SpectrumSN &amp; NBA TV) https://t.co/66oD3C9TpA",82
17,Lakers,20346956,424,2019-03-05 05:18:33,"💛➕1️⃣

#LakeShow back in front after seven unanswered points capped by Hart's and-1.",47
18,Lakers,20346956,664,2019-03-05 05:12:55,"Lefty layup by Rondo

#LakeShow (📺: @SpectrumSN &amp; NBA TV) https://t.co/BmZ0wvC7pc",103
19,Lakers,20346956,492,2019-03-05 04:43:54,"Vets leading the way at the break. 

James: 17 pts
Rondo: 11 pts, 6 reb, 6 ast https://t.co/tXwQBvwHlL",89
20,Lakers,20346956,0,2019-03-05 04:40:05,"RT @LakersReporter: Alex Caruso, who has played a total of 4 minutes since a 12-minute stretch against Golden State on Jan. 21, just checke…",34
21,Lakers,20346956,1411,2019-03-05 04:40:00,Gold Rush #LakeShow https://t.co/RqJcy1FfZd,267
22,Lakers,20346956,0,2019-03-05 04:36:37,RT @LakerGirls: Team huddle! #LakeShow https://t.co/sGhFSY5Igg,47
23,Lakers,20346956,0,2019-03-05 04:36:03,RT @LosLakers: Hoy nos acompaña el @Canelo 🇲🇽🥊 https://t.co/vhkOC11asT,420
24,Lakers,20346956,1626,2019-03-05 04:31:24,"Nice backdoor cut by LeBron for the easy flush

#LakeShow (📺: @SpectrumSN &amp; NBA TV) https://t.co/yuIayPrhlP",243
25,Lakers,20346956,767,2019-03-05 04:27:29,"Not on JaVale's watch!

#LakeShow (📺: @SpectrumSN &amp; NBA TV) https://t.co/6x3r6n4rqu",137
26,Lakers,20346956,3982,2019-03-05 04:25:34,🚀🚀🚀 https://t.co/49zhqhTzyt,494
27,Lakers,20346956,760,2019-03-05 04:16:13,First quarter views https://t.co/ZXJwm62Stj,139
28,Lakers,20346956,665,2019-03-05 04:13:27,Kuz with 11 in the first for the #LakeShow lead. https://t.co/a409edHHIU,138
29,Lakers,20346956,0,2019-03-05 04:11:35,"RT @LakersReporter: Clippers have been defending LeBron with smaller players all quarter (Beverley, Temple), and the result has been a FT p…",70
30,Lakers,20346956,1585,2019-03-05 03:49:37,"Rondo finds Kuzma with a gorgeous bounce pass

#LakeShow (📺: @SpectrumSN &amp; NBA TV) https://t.co/wVRMXR71KD",256
31,Lakers,20346956,580,2019-03-05 03:44:46,"JaVale McGee scores both of the Lakers' first two baskets of the night. 

The big man's made 20 of his last 21 shots. 
✅✅✅✅✅✅✅✅❌✅✅✅✅✅✅✅✅✅✅✅✅",72
32,Lakers,20346956,546,2019-03-05 03:43:40,Oop for 2️⃣ https://t.co/pQoWrmpbIB,76
33,Lakers,20346956,245,2019-03-05 03:40:55,Ball is up. #LakeShow https://t.co/Y8SuhIgOck,67
34,Lakers,20346956,622,2019-03-05 03:35:00,#SuitingUpTogether https://t.co/MWoYugSU9v,116
35,Lakers,20346956,1450,2019-03-05 03:34:36,Headband Kuz is back. #LakeShow https://t.co/jh2QTVwBsr,227
36,Lakers,20346956,275,2019-03-05 03:30:00,"Game time in Downtown Los Angeles! 

📺: @SpectrumSN
📻: 710 ESPN &amp; 1330 KWKW

https://t.co/1GaQt2WHdC",54
37,Lakers,20346956,918,2019-03-05 03:29:10,L A C E D https://t.co/AG0vxfC948,123
38,Lakers,20346956,821,2019-03-05 03:20:59,The #LakeShow takes the floor https://t.co/mWDa7TMesx,162
39,Lakers,20346956,1388,2019-03-05 03:05:07,UPDATE: Brandon Ingram will not play tonight. https://t.co/aGQTmzZjkp,314
40,Lakers,20346956,0,2019-03-05 02:41:02,"RT @Lakers: Mark Madsen sits down to provide the scouting report for tonight's game against the Clippers, presented by @Delta https://t.co/…",58
41,Lakers,20346956,1289,2019-03-05 01:49:18,Brandon Ingram (right shoulder soreness) is questionable for tonight’s game.,156
42,Lakers,20346956,1476,2019-03-05 01:35:04,#LakeShow in the building 🏠 https://t.co/whGK1zFBrq,166
43,Lakers,20346956,761,2019-03-05 01:16:40,"The North Carolina town of 20,000 that produced two Los Angeles Lakers. 

Former All-Star Jerry Stackhouse on the u… https://t.co/IW4smQhoBc",192
44,Lakers,20346956,0,2019-03-05 01:08:40,RT @SouthBayLakers: Johnathan Williams (two-way) and Isaac Bonga (assigned) will be with the @Lakers for their game tonight against the LA…,68
45,Lakers,20346956,4677,2019-03-05 00:15:13,Showin’ out for the city https://t.co/oEW2rzeD6W,533
46,Lakers,20346956,794,2019-03-04 23:07:06,"Back home for an intracity matchup at 7:30 PT!

📺: @SpectrumSN in L.A. NBA TV nationally
📻: 710 ESPN &amp; 1330 KWKW

https://t.co/1GaQt3ei5a",135
47,Lakers,20346956,341,2019-03-04 21:54:21,"Mark Madsen sits down to provide the scouting report for tonight's game against the Clippers, presented by @Delta https://t.co/ueJ7PuR7W8",58
48,Lakers,20346956,0,2019-03-04 21:53:29,"RT @LakersGaming: Adding 3️⃣ more members to the #LakersGaming family tomorrow!

Watch the @NBA2KLeague Draft live on @Twitch Tuesday at 2p…",32
49,Lakers,20346956,0,2019-03-04 20:20:33,"RT @LakersReporter: Talked to Jerry Stackhouse about fellow Kinston, N.C. natives that he mentored, Brandon Ingram and Reggie Bullock: http…",263
50,Lakers,20346956,934,2019-03-04 19:32:41,"Lance Stephenson (left foot, second toe sprain) is out for tonight. 

Tyson Chandler (neck stiffness) is questionable.",120
51,Lakers,20346956,902,2019-03-03 16:00:00,"The team honored TSgt Andre Lyles of the Air Force by giving him a unique Lakers experience, as part of @Delta's Sa… https://t.co/vXay1DLBtL",90
52,Lakers,20346956,3897,2019-03-03 04:36:16,Final from Arizona. https://t.co/8unYBej2bG,598
53,Lakers,20346956,777,2019-03-03 04:28:04,The King hammers it down to make it a one-possession game!,94
54,Lakers,20346956,0,2019-03-03 04:26:57,"RT @LakersReporter: LAL have the ball down 112-107 with 1:19 to play, needing points to keep the pressure on the Suns. LeBron’s up to 25 po…",47
55,Lakers,20346956,1840,2019-03-03 04:16:04,3️⃣-ball on the way 💦 https://t.co/xEK0bjqtoc,211
56,Lakers,20346956,0,2019-03-03 04:15:14,"RT @LakersReporter: LAL within 8 after LeBron’s and-1, and his 3 on the next trip. Still 5 minutes left.",54
57,Lakers,20346956,1150,2019-03-03 03:55:01,Heading to the final frame. https://t.co/GhY9QUQ746,180
58,Lakers,20346956,2038,2019-03-03 03:35:17,"B.I. using every inch of that 7'3"" wingspan to get the rim.

#LakeShow (📺: @SpectrumSN) https://t.co/9QRNVeoBTe",270
59,Lakers,20346956,2536,2019-03-03 03:19:28,The 👑 can go get it!! https://t.co/b3dmRIrTJN,475
60,Lakers,20346956,610,2019-03-03 03:10:47,Halftime. https://t.co/Q5ZXfJXVFD,106
61,Lakers,20346956,1345,2019-03-03 03:09:46,"Ball fake ➡️ handoff ➡️ dunk

#LakeShow (📺: @SpectrumSN) https://t.co/tTiuiVcPSa",206
62,Lakers,20346956,1542,2019-03-03 03:07:15,🔨🔨🔨 https://t.co/eHg4Fz5BS9,153
63,Lakers,20346956,0,2019-03-03 03:01:03,"RT @LakersReporter: With a layup driving to his right, LeBron passed Kobe Bryant for 5th on the all-time field goals made list in NBA histo…",193
64,Lakers,20346956,763,2019-03-03 02:55:01,Play through the contact https://t.co/c7nAxdOg8G,99
65,Lakers,20346956,1721,2019-03-03 02:47:14,"JaVale stays with the play.

#LakeShow (📺: @SpectrumSN) https://t.co/pGlFZl6TDp",217
66,Lakers,20346956,517,2019-03-03 02:38:50,12 minutes into it. https://t.co/bEMKtDjlQf,61
67,Lakers,20346956,4608,2019-03-03 02:24:30,"Go get it, @KingJames

#LakeShow (📺: @SpectrumSN) https://t.co/QpDI99VtdP",891
68,Lakers,20346956,0,2019-03-03 02:23:12,"RT @LakersReporter: With that alley-oop to LeBron, Rajon Rondo passed Deron Williams for 20th on the NBA’s all-time assist list (6,820). Le…",141
69,Lakers,20346956,2291,2019-03-03 02:21:32,Lob 👑 https://t.co/HnQfVYTLD8,455
70,Lakers,20346956,2121,2019-03-03 02:19:52,Just lob it up. The King will do the rest. 👑💥,180
71,Lakers,20346956,308,2019-03-03 02:12:00,Bullock splashes the triple on the game's first possession. #BullsEye 🎯,49
72,Lakers,20346956,215,2019-03-03 02:10:54,Ball is up. #LakeShow https://t.co/vNCbNyircw,51
73,Lakers,20346956,512,2019-03-03 02:09:48,#SuitingUpTogether from Phoenix https://t.co/1CpDPlZWtl,96
74,Lakers,20346956,603,2019-03-03 02:09:23,START IT UP! https://t.co/8Z2dlpzh51,109
75,Lakers,20346956,307,2019-03-03 02:00:00,"Time to get started in the desert! 

📺: @SpectrumSN
📻: 710 ESPN &amp; 1330 KWKW

https://t.co/lPAJrUWo4F",50
76,Lakers,20346956,1772,2019-03-03 01:59:50,Flow 🌊 https://t.co/AwVyEYeKH9,244
77,Lakers,20346956,871,2019-03-03 01:53:24,Suit up and roll #LakeShow https://t.co/GGhI2LFEmw,120
78,Lakers,20346956,933,2019-03-03 01:30:58,#LakeShow love https://t.co/hTo1W0SfnY,127
79,Lakers,20346956,1263,2019-03-03 01:11:38,Shots going up ☄️ https://t.co/akot1LJuBb,131
80,Lakers,20346956,8393,2019-03-02 23:38:30,Don't worry about a thing https://t.co/8kR2E7LTuo,1171
81,Lakers,20346956,1395,2019-03-02 23:22:53,#LakeShow among the 🌵 tonight https://t.co/wpdlUk82N4,186
82,Lakers,20346956,1240,2019-03-02 17:00:00,"No rest for the #LakeShow. Back at it tonight at 6 PT!

📺: @SpectrumSN
📻: 710 ESPN &amp; 1330 KWKW

https://t.co/lPAJrUEMG5",172
83,Lakers,20346956,745,2019-03-02 07:46:38,"B.I. and LeBron slammed their way to huge nights, but the Bucks ultimately added to the NBA's best record. 

https://t.co/Ib8e4JaO59",81
84,Lakers,20346956,1199,2019-03-02 07:26:17,🎥 Brandon Ingram talks about continuing to be aggressive during the best stretch of his young career. https://t.co/iqL68TNW16,186
85,Lakers,20346956,951,2019-03-02 07:17:39,🎥 LeBron James discusses the missed opportunities that cost the Lakers in their late loss to Milwaukee. https://t.co/CbBayXbhMl,164
86,Lakers,20346956,445,2019-03-02 06:47:11,🎥 Luke was pleased with the way the team played for most of the game but felt individual defense struggled. https://t.co/GjyEhJxOLh,68
87,Lakers,20346956,1263,2019-03-02 06:34:52,🎥 LeBron James pours in 31 points and 10 assists to fuel the Lakers’ offense against the Bucks. https://t.co/FXgPJVlvJk,256
88,Lakers,20346956,2527,2019-03-02 06:34:03,"🎥 Brandon Ingram continues his red-hot streak with a 31-point effort, including his monster dunk. https://t.co/p63IKbzKAL",515
89,Lakers,20346956,652,2019-03-02 06:32:06,"🎥 Lakers trade buckets with Milwaukee in a marquee matchup, yet come up just short. https://t.co/MVI1wL7EDx",109
90,Lakers,20346956,516,2019-03-02 06:12:06,"B.I. and LeBron with matching 31-point displays in a tough clash against the league leaders. 

https://t.co/Amb7WZTWxd",73
91,Lakers,20346956,2995,2019-03-02 05:54:21,"Tough way to finish a back-and-forth battle. 

James: 31 pts, 10 ast, 7 reb
Ingram: 31 pts, 8 reb
Rondo: 20 pts, 9… https://t.co/GbwPqRub4c",511
92,Lakers,20346956,2409,2019-03-02 05:43:58,👈👌 https://t.co/3erFR6B0I4,308
93,Lakers,20346956,0,2019-03-02 05:43:39,"RT @LakersReporter: KCP and Kuzma both made a nice extra pass to get LeBron a wide open 3, which he drilled to answer Bledsoe’s and-1, and…",62
94,Lakers,20346956,1098,2019-03-02 05:43:34,"LeBron to the rack +1️⃣

#LakeShow (📺: @SpectrumSN &amp; ESPN) https://t.co/cVjc0P1WI8",218
95,Lakers,20346956,969,2019-03-02 05:37:02,"LeBron James earning three points the hard way! 

All tied with 4 minutes left. Catch the finish on @SpectrumSN and ESPN.",116
96,Lakers,20346956,894,2019-03-02 05:33:54,Another one! For the second straight game we have a @Bellagio Big Shot Jackpot winner. This time it's Logan Thomas… https://t.co/F0LxpslOJ8,176
97,Lakers,20346956,850,2019-03-02 05:31:50,He wants the moment https://t.co/y8cLbmuXOU,111
98,Lakers,20346956,1007,2019-03-02 05:29:25,"👌🔙✌️🔙👌

Bron and Rondo sink consecutive treys, evening the score with 7 minutes left.",154
99,Lakers,20346956,0,2019-03-02 05:24:40,"RT @LakersReporter: For the second straight game, a fan hit the MGM half court shot … this time for $25K ($100K last game). LAL are 8-1 whe…",146
