,Name,id,likes,date,posts,retweets
0,NBA,19923144,0,2019-03-06 03:47:44,RT @NBAKicks: 🏀 @KyrieIrving’s Nike Kyrie 5 tonight in Oakland! #NBAKicks https://t.co/UXHIGTDnQh,7
1,NBA,19923144,47,2019-03-06 03:46:48,"The @celtics open the action on an 11-0 sprint! #CUsRise 

📺: @NBAonTNT",10
2,NBA,19923144,493,2019-03-06 03:41:26,"Steph way up high pregame!

#DubNation x #CUsRise 

Underway on @NBAonTNT https://t.co/vkiSLESNjl",105
3,NBA,19923144,177,2019-03-06 03:38:37,"Karl-Anthony Towns' 41 PTS, 14 REB propel the @Timberwolves past OKC at home! 

#AllEyesNorth 131
#ThunderUp 120

D… https://t.co/ayVZrqWgUj",29
4,NBA,19923144,881,2019-03-06 03:33:23,"KAT reaches back for 41 PTS and the ‼️

@Timberwolves | #AllEyesNorth https://t.co/z4xExgYxfm",186
5,NBA,19923144,442,2019-03-06 03:29:54,"James Harden puts up 19 4th quarter PTS (35 total) to guide the @HoustonRockets to their 6th straight W!

#Rockets… https://t.co/vJA5gOQG7x",120
6,NBA,19923144,433,2019-03-06 03:20:51,"James Harden buries the long range step-back!

#Rockets 96
#WeTheNorth 87

📺: @NBAonTNT https://t.co/9m8ZmwKmLU",88
7,NBA,19923144,287,2019-03-06 03:15:25,"Kevin Durant warms up for the @warriors in Oakland!

🏀: #CUsRise x #DubNation
⏰: 10:30pm/et
📺: @NBAonTNT https://t.co/67UR3bNfHd",51
8,NBA,19923144,0,2019-03-06 03:13:02,RT @NBAKicks: Kevin Durant in the Nike Air Max 1 x Laika Missing Link ahead of tonight’s action! #NBAKicks https://t.co/ypnkAWR6lZ,43
9,NBA,19923144,776,2019-03-06 03:12:57,"The Beard from distance as the shot clock winds down!

#Rockets 94
#WeTheNorth 80

Midway through the 4th on… https://t.co/PANciZwXV2",132
10,NBA,19923144,148,2019-03-06 03:08:06,"Gerald Green (16 PTS) knocks down 3 quick triples to start the 4th!

#Rockets 83
#WeTheNorth 75

📺: @NBAonTNT",21
11,NBA,19923144,412,2019-03-06 03:02:11,Pascal Siakam drops 15 3rd Q PTS as the @Raptors outscore HOU 34-14 in the frame! #WeTheNorth @NBAonTNT https://t.co/eb1EbAY5lO,80
12,NBA,19923144,208,2019-03-06 02:58:53,"Norman Powell attacks right and comes back to his left!

End of 3 on @NBAonTNT:
#WeTheNorth 71
#Rockets 69

Pascal… https://t.co/Fb3sRHISfn",39
13,NBA,19923144,612,2019-03-06 02:53:20,"💥 K A T   I N C O M I N G 💥

#AllEyesNorth 102
#ThunderUp 87

💻📱: https://t.co/yTkITWsvb6 https://t.co/UXbYbyJLgT",132
14,NBA,19923144,366,2019-03-06 02:46:24,"The @Raptors run stretches to 25-7 and it's all tied up in Toronto!

#WeTheNorth 62
#Rockets 62

3:40 remaining in… https://t.co/yVMdbbVuuj",59
15,NBA,19923144,139,2019-03-06 02:36:25,"15-2 @Raptors surge to begin the 2nd half!

#WeTheNorth 52
#Rockets 57

WATCH on @NBAonTNT",15
16,NBA,19923144,296,2019-03-06 02:33:59,"Lowry drives and kicks to Siakam in the corner!

#WeTheNorth 47
#Rockets 57

📺: @NBAonTNT https://t.co/uh2nmjmnDI",43
17,NBA,19923144,269,2019-03-06 02:29:47,"Bojan scores 27 PTS and Myles Turner (10 PTS, 11 REB) records a career-high SEVEN blocks to lead the @Pacers over C… https://t.co/Weya6VKXEm",37
18,NBA,19923144,251,2019-03-06 02:23:31,"15 for KAT.. D-Rose adds 13 through two!

#AllEyesNorth 71
#ThunderUp 57

💻📱: https://t.co/yTkITWsvb6 https://t.co/bbccZjiPLe",32
19,NBA,19923144,379,2019-03-06 02:22:05,"SC30

🏀: #CUsRise x #DubNation
⏰: 10:30pm/et
📺: @NBAonTNT https://t.co/vg1QjhY8So",69
20,NBA,19923144,0,2019-03-06 02:21:46,"RT @memgrizz: Halftime 📊

@mconley11: 16 points
@delonwright: 13 points
Avery Bradley: 11 points, 1 steal
@JValanciunas: 7 points
@JoakimNo…",9
21,NBA,19923144,734,2019-03-06 02:20:32,"🏀 FINAL SCORE THREAD 🏀

The @sixers come away victorious at home behind a game-high 26 PTS, 6 3PM from JJ Redick!… https://t.co/tz6IKs3xry",126
22,NBA,19923144,320,2019-03-06 02:13:53,"The @HoustonRockets take a lead into the break on @NBAonTNT!

#Rockets 55
#WeTheNorth 37

James Harden: 13 PTS, 3 A… https://t.co/BdAgKgZKua",58
23,NBA,19923144,601,2019-03-06 02:07:08,"Kawhi pulls up in #PhantomCam! #WeTheNorth 

📺: @NBAonTNT https://t.co/qvuK6fFaTw",101
24,NBA,19923144,489,2019-03-06 02:04:57,"Derrick Rose takes the contact for the and-1!

#AllEyesNorth 65
#ThunderUp 52

💻📱: https://t.co/yTkITWsvb6 https://t.co/h4k8y43pUV",90
25,NBA,19923144,366,2019-03-06 01:59:08,"Zach LaVine gets up for two @chicagobulls SLAMS! #BullsNation

💻📱: https://t.co/yTkITWsvb6 https://t.co/slkjAe3y3E",102
26,NBA,19923144,425,2019-03-06 01:55:43,"CP3 ➡️ Nene ➡️ Rivers! 👌🔥

24-6 @HoustonRockets run on @NBAonTNT 

#Rockets 42
#WeTheNorth 23 https://t.co/4ARynlESxK",69
27,NBA,19923144,523,2019-03-06 01:50:30,"Gerald Green steps into the transition three!

#Rockets 30
#WeTheNorth 21

📺: @NBAonTNT https://t.co/VKh5bu5W37",80
28,NBA,19923144,0,2019-03-06 01:42:40,"RT @HoustonRockets: ✅2️⃣3️⃣4️⃣

#Rockets 23 | Raptors 19 https://t.co/LPyrrDKPDs",49
29,NBA,19923144,0,2019-03-06 01:39:24,"RT @NBA2KLeague: Chiquita Evans (@chiquitae126) becomes the first woman drafted into the #NBA2KLeague, pick No. 56 by @WarriorsGaming! http…",215
30,NBA,19923144,0,2019-03-06 01:36:29,"RT @trailblazers: 12 down. 

#RipCity https://t.co/FUH3ypdAOl",17
31,NBA,19923144,241,2019-03-06 01:34:39,"Harden &amp; Rivers cap a 10-2 @HoustonRockets burst!

#Rockets 18
#WeTheNorth 13

3 min. left in Q1 on @NBAonTNT https://t.co/PWpy44cm2W",40
32,NBA,19923144,458,2019-03-06 01:31:56,"Ben Simmons with the wraparound dish for Tobias!

#HereTheyCome 89
#PureMagic 81

💻📱: https://t.co/yTkITWsvb6 https://t.co/8AmGqyJoRV",78
33,NBA,19923144,443,2019-03-06 01:25:36,"Kawhi scoops, scores and has an early 8 PTS!

#WeTheNorth 11
#Rockets 8

📺: @NBAonTNT https://t.co/XKNuf7hZZk",45
34,NBA,19923144,0,2019-03-06 01:24:36,"RT @NBA2KLeague: 🙌 That Draft Night feeling!

The BEST reactions from tonight’s first-round picks #NBA2KLeague https://t.co/1Nc9p2iSzk",45
35,NBA,19923144,195,2019-03-06 01:16:40,"Ball is up in Toronto!

#Rockets x #WeTheNorth 

WATCH on @NBAonTNT",31
36,NBA,19923144,0,2019-03-06 01:04:55,"RT @Pacers: At the midway point at @TheFieldhouse. 

Bogdanovic: 10p/2r
Collison 9p/1r
Matthews: 7p/3a https://t.co/ukdr2BrHQI",23
37,NBA,19923144,0,2019-03-06 01:04:23,"RT @HoustonRockets: Rockets vs Raptors Starters ⤵️

F Gordon
F Tucker 
C Capela 
G Harden 
G Paul 

#RunAsOne 🚀 https://t.co/Qh0iQRFSqd",70
38,NBA,19923144,257,2019-03-06 01:04:00,"JJ Redick (19 PTS, 5 3PM) &amp; Evan Fournier (18 PTS, 4 3PM) duel from beyond the arc in the 1st half!

#HereTheyCome… https://t.co/dHY7DO7u2i",47
39,NBA,19923144,115,2019-03-06 00:55:01,"Our @NBAonTNT doubleheader tips at 8:00pm/et!

#Rockets x #WeTheNorth

WHO YA GOT!?",27
40,NBA,19923144,312,2019-03-06 00:46:02,"JJ Redick hits his 5th triple of the 1st half!

#HereTheyCome 56
#PureMagic 49

💻📱: https://t.co/yTkITWsvb6 https://t.co/UDGD5AvhcM",39
41,NBA,19923144,229,2019-03-06 00:45:00,"Pascal Siakam (16.3 PPG, 7.0 RPG) warms up for action on @NBAonTNT!

🏀: #Rockets x #WeTheNorth 
⏰: 8:00pm/et https://t.co/oidHPaYyHe",19
42,NBA,19923144,471,2019-03-06 00:37:00,"PG13 &amp; Russ arrive in Minneapolis for the @okcthunder.

#ThunderUp x #AllEyesNorth - 8pm/et

💻📱:… https://t.co/8NhY0RPxR4",77
43,NBA,19923144,0,2019-03-06 00:35:18,"RT @sixers: ✅2️⃣3️⃣4️⃣

📺: @NBCSPhilly
🖥️: https://t.co/oYqebyrwoK  
📻: @975TheFanatic 
🌍: https://t.co/XvDA9SGLJ1 https://t.co/oTPlQa6wzu",43
44,NBA,19923144,0,2019-03-06 00:34:57,RT @Pacers: End of the 1st quarter: https://t.co/NdjLwRVjbV,33
45,NBA,19923144,0,2019-03-06 00:33:42,RT @Raptors: Tonight’s starting 5. #WeTheNorth https://t.co/njCNcgytom,121
46,NBA,19923144,0,2019-03-06 00:33:32,RT @HoustonRockets: #SplashGordon ☔️ https://t.co/Cc2smrnbxj,63
47,NBA,19923144,551,2019-03-06 00:27:00,"Coming off of his 24th 40-point game of the season, James Harden puts up jumpers ahead of @HoustonRockets action!… https://t.co/JBjtCSBzeF",79
48,NBA,19923144,199,2019-03-06 00:25:58,"Myles' block sets up the Bojan bucket! #Pacers

💻📱: https://t.co/yTkITWsvb6 https://t.co/VdjMMlGch1",29
49,NBA,19923144,771,2019-03-06 00:14:10,"Kawhi Leonard locks in for @HoustonRockets/@Raptors in Toronto.

⏰: 8:00pm/et  
📺: @NBAonTNT https://t.co/szYFz3uDjZ",90
50,NBA,19923144,412,2019-03-06 00:01:41,"Fred VanVleet arrives to work in Toronto with his daughter!

🏀: #Rockets x #WeTheNorth 
⏰: 8:00pm/et  📺: @NBAonTNT https://t.co/uhc2J0SfoX",43
51,NBA,19923144,634,2019-03-05 23:50:32,"Harden on offense, Kawhi on defense!

🎶: “Stadium Muzic” by Jesse Jin | @unitedmasters 
🎧: https://t.co/oTeSWA011W… https://t.co/tAeeV3LTTo",127
52,NBA,19923144,0,2019-03-05 23:31:38,"RT @nbastats: On the season, the @Raptors are 27-6 (.818) at home, tied with Denver as the 2nd-best home win percentage in the league behin…",23
53,NBA,19923144,339,2019-03-05 23:24:28,"Lauri Markkanen (19.6 PPG, 9.3 RPG) hits the floor in Indianapolis!

#BullsNation x #Pacers - 7:00pm/et

💻📱:… https://t.co/YvjmbMBryT",40
54,NBA,19923144,0,2019-03-05 23:20:39,"RT @NBAFantasy: INTRODUCING: THE NBA FANTASY AWARDS!

From now through March 17, YOU will be deciding our:
-Fantasy MVP
-Sleeper of the Yea…",10
55,NBA,19923144,0,2019-03-05 22:20:46,"RT @NBA2KLeague: ""With the first overall pick in the #NBA2KLeague Draft, @UtahJazzGaming selects Ria from Washington!"" 

Relive the moment…",35
56,NBA,19923144,176,2019-03-05 22:08:09,"Meet the 2019 @NBA2KLeague Draft Pool! 📸

Tune-in LIVE to watch this year's draft
➡️ https://t.co/84oAPqxU8R https://t.co/lN7p2mCHSF",28
57,NBA,19923144,1595,2019-03-05 21:37:33,"‼️ 28.4 PPG 5.3 RPG 5.2 APG ‼️

Watch the BEST play from @StephenCurry30 in every game this season ahead of… https://t.co/fBKwtyIEvy",358
58,NBA,19923144,4264,2019-03-05 21:00:00,"🔥🔁 @KyrieIrving x @StephenCurry30 

BOS/GSW meet AGAIN tonight on @NBAonTNT (10:30pm/et)! https://t.co/nLMl9ij3nD",1088
59,NBA,19923144,581,2019-03-05 20:30:00,Sit down with the @Raptors' @OAnunoby as he discusses what motivates him to be the best player he can be ahead of… https://t.co/5PoiqqMChy,96
60,NBA,19923144,217,2019-03-05 20:00:00,Learn more about @JonasJerebko's basketball journey ahead of the tonight's @NBAonTNT (10:30pm/et) action! #DubNation https://t.co/HSraWHeUdp,40
61,NBA,19923144,0,2019-03-05 19:55:33,RT @nbagleague: #GLeagueAlum @CapelaClint is a @HoustonRockets dunking machine... just like he was with the @RGVVipers! #GLeagueRewind @Gat…,30
62,NBA,19923144,614,2019-03-05 19:30:00,"🚫 @KDTrey5 swats it away in #NBABreakdown!

🏀: #CUsRise x #DubNation
⏰: 10:30pm/et 📺: @NBAonTNT https://t.co/nSWgSoPjwH",110
63,NBA,19923144,433,2019-03-05 19:00:01,"Top 10 in the #NBA in total three-pointers made, we showcase the BEST threes from @HoustonRockets (No. 1, 985) &amp;… https://t.co/kz5bT7OuUn",80
64,NBA,19923144,928,2019-03-05 18:34:15,"Tonight's @NBAonTNT #PlayersOnly features...

8pm/et: #Rockets x #WeTheNorth
10:30pm/et: #CUsRise x #DubNation https://t.co/o7nVfGVGAP",261
65,NBA,19923144,1351,2019-03-05 18:18:46,"Don't miss the TOP 3 #KumhoHandles in February! 

Which is your favorite?? https://t.co/S3XbquhtpH",223
66,NBA,19923144,3777,2019-03-05 16:30:36,"""He wore 3 because of me. He looked up to me... I really like his game.""

🙌 @DwyaneWade finds @KevinHuerter to exch… https://t.co/18jopLQiuf",485
67,NBA,19923144,703,2019-03-05 16:00:40,The leading scorers... @DwyaneWade (23 PTS/W) &amp; @mrvincecarter15 (21 PTS) duel in Miami! #HeatCulture #TrueToAtlanta https://t.co/1usTE4l1AJ,105
68,NBA,19923144,658,2019-03-05 15:30:30,27 PTS &amp; 13 REB for @KELLYOUBREJR in the @Suns W! #TimeToRise https://t.co/B1RKDpTM2e,92
69,NBA,19923144,743,2019-03-05 15:10:14,"28 PTS | 6 REB | 7 AST

@buddyhield &amp; the @SacramentoKings win at home! #SacramentoProud https://t.co/QAgL2TGdKn",94
70,NBA,19923144,568,2019-03-05 14:50:09,"#GoSpursGo

@DeMar_DeRozan (24p/6r/7a) &amp; @aldridge_12 (22p/9r) lead the @spurs to the 104-103 home win! https://t.co/696j8Yhq7G",69
71,NBA,19923144,752,2019-03-05 14:30:26,30 PTS apiece for @J30_RANDLE &amp; @Jrue_Holiday11 in the @PelicansNBA win! #DoItBig https://t.co/QZR8vhMDZB,72
72,NBA,19923144,2305,2019-03-05 14:10:13,"24 PTS | 10 REB | 12 AST

@RajonRondo becomes the second player in @NBAHistory to record a triple-double with 5 dif… https://t.co/28vCsGwjl3",331
73,NBA,19923144,369,2019-03-05 14:00:31,3rd straight win for the @LAClippers as @gallinari8888 scores 23 PTS with 6 REB! #ClipperNation https://t.co/CpfM5ilEun,43
74,NBA,19923144,517,2019-03-05 14:00:00,Crazy slams headline Monday's TOP 10 PLAYS! https://t.co/aFjHNfOlnX,125
75,NBA,19923144,452,2019-03-05 13:01:10,"Join us in wishing @masonplumlee of the @nuggets a HAPPY 29th BIRTHDAY! 

#NBABDAY #MileHighBasketball https://t.co/TeRruIqGpT",34
76,NBA,19923144,472,2019-03-05 13:01:08,"Join us in wishing @TheCoreyBrewer of the @SacramentoKings a HAPPY 33rd BIRTHDAY! 

#NBABDAY #SacramentoProud https://t.co/BpTmeSfkOf",39
77,NBA,19923144,444,2019-03-05 13:01:08,"Join us in wishing @emmanuelmudiay of the @nyknicks a HAPPY 23rd BIRTHDAY! 

#NBABDAY #NewYorkForever https://t.co/vWm12o5js1",45
78,NBA,19923144,0,2019-03-05 07:52:31,"RT @LAClippers: ""We were the tougher team.""

@DocRivers with the squad after the W. https://t.co/hkHEmHY4ns",440
79,NBA,19923144,0,2019-03-05 07:38:25,"RT @NBATV: ""It's always a special game against them. ... We came out ready.""

@gallinari8888 chats with @JaredSGreenberg after the Clippers…",79
80,NBA,19923144,709,2019-03-05 07:02:07,"Danilo Gallinari walks off after leading the @LAClippers to victory! 

#PhantomCam #ClipperNation https://t.co/QIxB1QT227",103
81,NBA,19923144,0,2019-03-05 06:50:25,"RT @NBAHistory: Clutch moments &amp; more...

Look back at the @Pacers’ @ReggieMillerTNT as @mrvincecarter15 passed him for 20th on NBA all-tim…",234
82,NBA,19923144,0,2019-03-05 06:50:04,RT @nbastats: 28 PTS with 6 REB &amp; 7 AST for @buddyhield in the @SacramentoKings win! #SAPStatLineOfTheNight https://t.co/c9e23U0SFZ,104
83,NBA,19923144,0,2019-03-05 06:48:21,"RT @NBAFantasy: For the first time this season, @J30_RANDLE is tonight's top #NBAFantasy performer in a @PelicansNBA victory!

Randle has b…",28
84,NBA,19923144,0,2019-03-05 06:48:11,RT @NBATV: LaMarcus Aldridge cuts to the rim for your Heads Up Play of the Day! https://t.co/PkSC1WJ3tm,55
85,NBA,19923144,1502,2019-03-05 06:40:00,"24 PTS | 10 REB | 12 AST

@RajonRondo becomes the second player in @NBAHistory to record a triple-double with 5 dif… https://t.co/VmOKW1wNOh",306
86,NBA,19923144,383,2019-03-05 06:31:14,3rd straight win for the @LAClippers and @gallinari8888 scores 23 PTS with 6 REB! #ClipperNation https://t.co/CpfM5ilEun,82
87,NBA,19923144,386,2019-03-05 06:25:00,30 PTS apiece for @J30_RANDLE &amp; @Jrue_Holiday11 in the @PelicansNBA win! #DoItBig https://t.co/QZR8vhMDZB,72
88,NBA,19923144,400,2019-03-05 06:15:00,"#GoSpursGo

@DeMar_DeRozan (24p/6r/7a) &amp; @aldridge_12 (22p/9r) lead the @spurs to the 104-103 home win! https://t.co/696j8Yhq7G",79
89,NBA,19923144,541,2019-03-05 06:11:16,"28 PTS | 6 REB | 7 AST

@buddyhield &amp; the @SacramentoKings win at home! #SacramentoProud https://t.co/QAgL2TGdKn",101
90,NBA,19923144,1679,2019-03-05 06:04:17,27 PTS &amp; 13 REB for @KELLYOUBREJR in the @Suns W! #TimeToRise https://t.co/B1RKDpTM2e,248
91,NBA,19923144,523,2019-03-05 05:59:38,"🏀 @LAClippers win their 3rd straight, 113-105 tonight! #ClipperNation

Danilo Gallinari: 23 PTS, 6 REB
Lou Williams… https://t.co/by853ErDqP",121
92,NBA,19923144,1201,2019-03-05 05:54:15,"#TripleDoubleAlert for Rajon Rondo: 

24 PTS. 10 REB. 12 AST. https://t.co/GPQpymlF4C",174
93,NBA,19923144,603,2019-03-05 05:49:26,"Landry Shamet buries the triple!

#ClipperNation 107
#LakeShow 94

📺: @NBATV https://t.co/Z8cgehqGrV",87
94,NBA,19923144,864,2019-03-05 05:45:31,"Rajon Rondo scores season-high 24 PTS!

#ClipperNation 102
#LakeShow 94

📺: @NBATV https://t.co/zMRnqWOm4V",116
95,NBA,19923144,972,2019-03-05 05:41:56,"🏀 Buddy Hield's 28 PTS, 6 REB &amp; 7 AST leads the @SacramentoKings to 115-108 home win! 

Harrison Barnes: 22 PTS, 10… https://t.co/xTfBuI3fhS",160
96,NBA,19923144,760,2019-03-05 05:29:28,"LeBron RISES in #PhantomCam!

📺: @NBATV https://t.co/6k6bTGig1J",131
97,NBA,19923144,347,2019-03-05 05:27:50,"👀 @LAClippers &amp; @Lakers trade buckets in the final 10 seconds of the 3rd Q!

#ClipperNation 91
#LakeShow 85

📺:… https://t.co/DOfwWCTtWd",55
98,NBA,19923144,485,2019-03-05 05:15:00,"What a pass by Danilo! 

#ClipperNation 77
#LakeShow 75

📺: @NBATV https://t.co/g02kv288KV",63
99,NBA,19923144,724,2019-03-05 05:11:27,"Allonzo Trier (24 PTS) takes it all the way for the @nyknicks! #NewYorkForever

💻📱: https://t.co/yTkITWsvb6 https://t.co/qZft9lN7rp",131
