,Name,id,likes,date,posts,retweets
0,warriors,26270913,259,2019-03-06 03:43:20,GO TIME https://t.co/ZREB9VExhY,72
1,warriors,26270913,299,2019-03-06 03:40:50,Game. On. #DubNation,107
2,warriors,26270913,1315,2019-03-06 03:28:10,"COUNT IT 
💰 💰 💰 https://t.co/B82vNXPAwS",331
3,warriors,26270913,442,2019-03-06 03:21:50,Tonight's starting 5️⃣ https://t.co/2dnGxuIr6D,99
4,warriors,26270913,1534,2019-03-06 03:16:42,feelin’ it https://t.co/knWKN75ayY,378
5,warriors,26270913,604,2019-03-06 03:15:24,locked in 🔒 https://t.co/SqbvTWk2Al,91
6,warriors,26270913,536,2019-03-06 02:30:00,"🏀 GSW vs. BOS
🕓 7:30 PM
📺 @NBAonTNT 
📻 @957thegame 
📱 https://t.co/ZkjPJj14fy  
🗒️ https://t.co/gsYGpJztm4 https://t.co/oGiqRYVkt5",90
7,warriors,26270913,1749,2019-03-06 02:11:21,💧 https://t.co/MeWUqj9Xj5,203
8,warriors,26270913,0,2019-03-05 21:59:02,"RT @NBA: ‼️ 28.4 PPG 5.3 RPG 5.2 APG ‼️

Watch the BEST play from @StephenCurry30 in every game this season ahead of @warriors hosting BOS…",358
9,warriors,26270913,1948,2019-03-05 21:12:00,"The last time #DubNation took on #CUsRise, Steph knocked down FOUR 3-pointers in less than two minutes 💦

Rematch t… https://t.co/2ZPso4wob2",342
10,warriors,26270913,2665,2019-03-05 19:21:20,MOOD #DubNation https://t.co/jau1wPRCZb,425
11,warriors,26270913,2215,2019-03-05 19:16:02,Game day work 💦 https://t.co/Nf8DPN8KVj,262
12,warriors,26270913,479,2019-03-05 18:41:24,"Everything you need to know before tonight's matchup ⬇️

https://t.co/gsYGpJhRXu",68
13,warriors,26270913,1987,2019-03-05 17:44:00,"#DubNation, please join us in wishing Assistant Coach Mike Brown a Happy Birthday 🎉 https://t.co/fMdwaVvmjU",186
14,warriors,26270913,1202,2019-03-05 16:43:00,"Back on #WarriorsGround 💪

Dubs vs. Celtics, presented by @Chase https://t.co/x8OUsdSuuB",201
15,warriors,26270913,1296,2019-03-05 00:45:00,"Top of the league in scoring 💥 

By the Numbers, presented by @zoom_us, takes a look into the Dubs scoring stats 🔢 https://t.co/mW5p5uf2hU",189
16,warriors,26270913,472,2019-03-04 23:33:01,".@_Alvo_ goes one-on-one with a Dubs fan for a game of HOME in the @realtordotcom Home Court Challenge.

Watch to s… https://t.co/l6Ai7RTlVy",64
17,warriors,26270913,3947,2019-03-04 21:30:12,Back to W O R K 💪 https://t.co/gxCo0wYady,384
18,warriors,26270913,765,2019-03-04 20:01:00,"Defense 👉offense for the Dubs

Defensive Plays of the Week, presented by @CyberPolicy_com https://t.co/OjgH4QkBUu",107
19,warriors,26270913,585,2019-03-04 17:42:05,The Dubs and @DoorDash hooked up some lucky fans with food and swag from guest dasher @1jordanbell 🤗 https://t.co/WpIfiwXh6O,74
20,warriors,26270913,4389,2019-03-04 17:33:25,"#DubNation, join us in wishing @Money23Green a Happy Birthday! https://t.co/gT98guxzn7",621
21,warriors,26270913,3105,2019-03-03 21:23:00,#SPLASH 💦 HIGHLIGHTS https://t.co/VAG4azFVou,479
22,warriors,26270913,1311,2019-03-03 18:48:02,"scenes from the dub

📸https://t.co/GyvrjDmiNS https://t.co/YeaiRuSgxJ",154
23,warriors,26270913,1014,2019-03-03 17:28:00,"Ended up on top 💪

#JBLxGSW with the top moments from the win ✔️ https://t.co/5AFG1ZD2jl",125
24,warriors,26270913,765,2019-03-03 06:01:01,"A close win in Philly wrapped up the Dubs' latest East Coast swing.

Full game recap ⬇️
https://t.co/zBuH9mTd5x",88
25,warriors,26270913,1885,2019-03-03 05:33:00,"What a dish by Dray. 👀

It's the Assist of the Night, presented by State Farm https://t.co/z0DH7XoGfL",193
26,warriors,26270913,1174,2019-03-03 05:10:25,"Primetime win 🔥

Relive the excitement in tonight's Game Rewind, presented by @Verizon. https://t.co/uY0G0RzvLK",148
27,warriors,26270913,5863,2019-03-03 04:37:06,👏👏👏 https://t.co/vyu5lH2D50,761
28,warriors,26270913,3566,2019-03-03 04:19:20,"Final 📊

KD: 34p/5r/5a
Steph: 28p/4s/4r/2a
DeMarcus: 25p/8r/2s
Damion: 12p/2s/2r
Draymond: 10a/9r/6p/3s
Andre: 6p/4… https://t.co/Vz5LR2R0jG",602
29,warriors,26270913,9291,2019-03-03 04:10:46,"grabbed the dub, let's go home. https://t.co/5v572cFNM4",1745
30,warriors,26270913,1221,2019-03-03 03:58:08,"UP
UP
UP https://t.co/nos86Soct4",157
31,warriors,26270913,3457,2019-03-03 03:55:10,beautiful. https://t.co/fN1q1COZHN,521
32,warriors,26270913,920,2019-03-03 03:52:38,"🔔 GET OUTTA HERE 🔔

📺 #NBAonABC https://t.co/G9ivxZGdOt",133
33,warriors,26270913,3759,2019-03-03 03:51:53,up to somethin' https://t.co/RVciDZ0n0T,577
34,warriors,26270913,946,2019-03-03 03:40:03,"Third straight 20+ point game for Boogie 🤫

📺 #NBAonABC https://t.co/Y1UuBd3Ccx",131
35,warriors,26270913,0,2019-03-03 03:34:29,RT @WarriorsPR: DeMarcus Cousins has his third-straight 20-point game (fourth this season) with 20 points on 7-of-13 from the field.,166
36,warriors,26270913,1365,2019-03-03 03:27:25,"💦 KEEP 'EM COMING 💦

📺 #NBAonABC https://t.co/kodDQYHrTh",165
37,warriors,26270913,1251,2019-03-03 03:21:56,.@Dami0nLee knockin' em down 💦 https://t.co/Cg7n5J038v,145
38,warriors,26270913,880,2019-03-03 03:18:45,"KD #SPLASH💦 gives him 25 (so far) this evening

📺 #NBAonABC https://t.co/tKdnYeOsWt",128
39,warriors,26270913,1649,2019-03-03 03:02:33,"silky smooth

📺 #NBAonABC https://t.co/2QAqD8oXaW",211
40,warriors,26270913,2487,2019-03-03 03:01:02,🗣 GO AHEAD THEN STEPH https://t.co/n80rZv5k0M,280
41,warriors,26270913,977,2019-03-03 02:58:55,"Damion #SPLASH💦

📺 #NBAonABC https://t.co/6XdVXCOOHS",134
42,warriors,26270913,1814,2019-03-03 02:48:09,"first half
v i e w s https://t.co/agaYFHkGxh",195
43,warriors,26270913,951,2019-03-03 02:21:37,"That dish to dunk, though 👀

📺 #NBAonABC https://t.co/HTF3uQyJRO",150
44,warriors,26270913,1418,2019-03-03 02:06:33,KD with 13 points early 🔥🔥🔥 https://t.co/gRnCfXCYHC,156
45,warriors,26270913,630,2019-03-03 02:01:21,"Check in and go to work, @1jordanbell 👌

📺 #NBAonABC https://t.co/cpu7I6j2rL",82
46,warriors,26270913,1579,2019-03-03 01:49:35,"Steph #SPLASH💦

📺 #NBAonABC https://t.co/diLi6NzJo7",258
47,warriors,26270913,1002,2019-03-03 01:41:02,Game. On. #DubNation,191
48,warriors,26270913,845,2019-03-03 01:39:12,Starters in Philly ⬇️ https://t.co/XUPDQPHDxC,143
49,warriors,26270913,0,2019-03-03 00:47:42,"RT @NBA: Quinn Cook x Jordan Bell pregame in Philly!

🏀: #HereTheyCome x #DubNation
⏰: 8:30pm/et  📺: #NBAonABC https://t.co/yexgKEFNRM",129
50,warriors,26270913,0,2019-03-03 00:37:26,"RT @WarriorsPR: Injury report for tonight's game at Philadelphia: Klay Thompson (right knee soreness), Kevon Looney (right pelvic soreness)…",123
51,warriors,26270913,849,2019-03-03 00:30:00,"🏀 GSW vs. PHI
🕓 5:30 PM
📺 ABC
📻 95.7 The Game
📱 https://t.co/ZkjPJjiF76 
🗒️ https://t.co/0xqon6dV5e https://t.co/u4YChPowHM",112
52,warriors,26270913,1655,2019-03-02 21:52:00,"March 2, 1962. 

Wilt Chamberlain dropped 100 points &amp; grabbed the win. 

57 years later, he still holds the record… https://t.co/VHck3WlNFu",325
53,warriors,26270913,3748,2019-03-02 19:30:08,"Congrats on 100 career titles, @rogerfederer 🏆

#RF100 https://t.co/IcWm2cYauv",622
54,warriors,26270913,573,2019-03-02 18:45:00,"Dubs. Sixers.

Here's what you need to know ⬇️

https://t.co/HFVoxJY41F",66
55,warriors,26270913,2701,2019-03-02 17:11:00,"Grattis på födelsedagen, @JonasJerebko! 🇸🇪🎉

#DubNation https://t.co/efI9iwxbvK",247
56,warriors,26270913,1514,2019-03-02 16:37:00,#DubNation heads to the City of Brotherly Love https://t.co/l2V9iHLool,205
57,warriors,26270913,1054,2019-03-02 03:44:00,"Dubs close out the road trip with some Saturday night hoops

Get ready ⤵️

https://t.co/0xqon5WkdG",102
58,warriors,26270913,718,2019-03-01 22:14:00,"“We’re living in a time where women are making these incredible strides.“

When @GSWDanceTeam member Anisha isn’t o… https://t.co/jd1lLLBbnJ",75
59,warriors,26270913,657,2019-03-01 18:42:00,"""What we're building here is a piece of Warriors history and a piece of basketball history. Something that's unique… https://t.co/kbPMxeHb8G",114
60,warriors,26270913,694,2019-03-01 04:21:29,"Game three of the East Coast road swing is in the books.

https://t.co/UfV7R5u0s8",62
61,warriors,26270913,638,2019-03-01 02:56:35,"Dubs drop a hard-fought game in Orlando.

See more in the Game Rewind, presented by @Verizon https://t.co/yUlOHYMsqx",84
62,warriors,26270913,1085,2019-03-01 02:28:20,"Final 📊

Stephen: 33p/8r/6a
DeMarcus: 21p/11r/2a/1s/1b
Klay: 21p/3r
Draymond: 5p/6r/3a/1s/1b
Jordan: 6p/8r/1a
Alfon… https://t.co/QrCgEVTxpc",161
63,warriors,26270913,2921,2019-03-01 02:16:32,Tough one in Orlando. https://t.co/Ic3v6BIxS8,360
64,warriors,26270913,2620,2019-03-01 02:11:35,A N G L E S https://t.co/v54kLvgmhH,346
65,warriors,26270913,0,2019-03-01 01:51:43,RT @WarriorsPR: DeMarcus Cousins has his second-straight 20-point/10-rebound game and fifth-straight double-double with 21 points and 10 bo…,117
66,warriors,26270913,806,2019-03-01 01:50:21,"spin cycle 🔄

📺 @NBCSAuthentic https://t.co/Y4c77Pv173",114
67,warriors,26270913,5521,2019-03-01 01:41:30,3⃣0⃣ for 3⃣0⃣ https://t.co/TBT2UALJHr,827
68,warriors,26270913,837,2019-03-01 01:34:20,https://t.co/2qHp3V70rF,63
69,warriors,26270913,1344,2019-03-01 01:31:48,"flex on 'em, Draymond 💪

📺 @NBCSAuthentic https://t.co/ZV01TwABPq",127
70,warriors,26270913,635,2019-03-01 01:27:27,"🗣 GET OUT THE WAY

📺 @NBCSAuthentic https://t.co/OmdzIvbPPA",92
71,warriors,26270913,612,2019-03-01 01:21:05,"Draymond opens the half with a #SPLASH💦

📺 @NBCSAuthentic https://t.co/WsEhAULgVL",80
72,warriors,26270913,705,2019-03-01 01:06:54,Views from the first half 📸 https://t.co/tZVZ8nPzoU,83
73,warriors,26270913,794,2019-03-01 01:02:23,Back-to-back buckets for Klay 🔥 https://t.co/lRNi8hidhv,105
74,warriors,26270913,598,2019-03-01 00:59:48,"tasty dish 🍽

📺 @NBCSAuthentic https://t.co/d6Ai1xp3iq",84
75,warriors,26270913,1427,2019-03-01 00:35:37,"Steph's making things happen tonight 💪

📺 @NBCSAuthentic https://t.co/I2ewxSZk6q",218
76,warriors,26270913,1714,2019-03-01 00:30:27,"Second #SPLASH💦 so far tonight for Steph 

👨‍🍳

📺 @NBCSAuthentic https://t.co/OievchMfks",213
77,warriors,26270913,3108,2019-03-01 00:27:10,Chef's cookin' https://t.co/H724rPCKJP,368
78,warriors,26270913,846,2019-03-01 00:16:18,"early Klay #SPLASH💦

📺 @NBCSAuthentic https://t.co/WoQnb0u43q",132
79,warriors,26270913,697,2019-03-01 00:11:12,Game. On. #DubNation,141
80,warriors,26270913,938,2019-03-01 00:07:20,Tonight's starting 🖐️: https://t.co/Qjp8XVSqIl,146
81,warriors,26270913,614,2019-02-28 23:45:16,"Ya'll ready for this?

Stream it live: https://t.co/FnOPCZszG5 https://t.co/LJigMpM4B9",84
82,warriors,26270913,2870,2019-02-28 23:09:20,"#DubNation, it's almost that time again https://t.co/HrDai4QrAI",316
83,warriors,26270913,500,2019-02-28 23:00:00,"🏀 GSW at ORL
🕓 4 PM
📺 @NBCSAuthentic 
📻 @957thegame 
📱 https://t.co/ZkjPJjiF76  
🗒️ https://t.co/jQlgrAP8uc https://t.co/Ru8DSpkEwV",67
84,warriors,26270913,989,2019-02-28 21:28:00,"Last time the Dubs took on the Magic, KD went OFF for 49 points &amp; Klay dropped 19 in the fourth for a comeback win.… https://t.co/pUhhRyt7kq",148
85,warriors,26270913,1201,2019-02-28 20:35:00,"B U C K E T S 

Dubs have led the @NBA in Offensive Rating three of the past four seasons.

Behind the Data x… https://t.co/FcOy9LLWqn",137
86,warriors,26270913,0,2019-02-28 19:24:56,"RT @WarriorsPR: Injury report for tonight’s game at Orlando: Jonas Jerebko (right quad contusion) is probable. Kevin Durant (rest), Andre I…",109
87,warriors,26270913,826,2019-02-28 19:21:00,"Hoop and the harm

Dubs knocked down THREE and-1 trey balls last night in Miami 💪 https://t.co/0S8kpKnFZ3",117
88,warriors,26270913,486,2019-02-28 18:11:17,"Study up for tonight's matchup with the Magic ⤵️

https://t.co/jQlgrAP8uc",49
89,warriors,26270913,1724,2019-02-28 17:03:01,"Dubs. Magic.

It's going down tonight in Orlando 💯 https://t.co/s3idNqGPuO",191
90,warriors,26270913,477,2019-02-28 04:25:00,"Full 48 minutes of action.

Game recap 👇
https://t.co/PaeETP9hjI",65
91,warriors,26270913,667,2019-02-28 04:10:47,"Dubs' comeback falls just short.

@Verizon has it all in the Game Rewind ⏪ https://t.co/TwGmsejaE0",87
92,warriors,26270913,1378,2019-02-28 03:18:35,"Final 📊

Klay: 36p/3s/2r
KD: 29p/5r/5a
Steph: 24p/6r/4a
Jordan: 10p/6r/2a
Quinn: 8p/2r
Jonas: 6p/3r
Kevon: 6r/2a
Dr… https://t.co/toXm9YXVVS",223
93,warriors,26270913,7864,2019-02-28 03:15:56,🤜🤛 https://t.co/6kRwqzOPIu,1226
94,warriors,26270913,14493,2019-02-28 03:14:36,"Respect, @DwyaneWade https://t.co/OjdAWnPepH",2582
95,warriors,26270913,829,2019-02-28 03:06:32,🍿🍿🍿 https://t.co/cEXhHDJgcH,111
96,warriors,26270913,1337,2019-02-28 02:58:16,"seventh #SPLASH 💦 for Klay 

(and counting) https://t.co/5swB9q1zER",139
97,warriors,26270913,1964,2019-02-28 02:57:17,"OH MY GOODNESS

📺  @NBCSAuthentic https://t.co/BwIl3JKeg0",311
98,warriors,26270913,0,2019-02-28 02:56:58,"RT @WarriorsPR: Klay Thompson has his 10th 30-point game of the season with 36 points, hitting 14-of-22 from the field and 7-of-14 from thr…",197
99,warriors,26270913,3850,2019-02-28 02:54:45,K L A Y https://t.co/RjKQUtYqri,414
